[{"__symbolic":"module","version":4,"metadata":{"TslRfidPlugin":{"__symbolic":"class","extends":{"__symbolic":"reference","module":"@ionic-native/core","name":"IonicNativePlugin","line":20,"character":35},"decorators":[{"__symbolic":"call","expression":{"__symbolic":"reference","module":"@angular/core","name":"Injectable","line":19,"character":1}}],"members":{"connect":[{"__symbolic":"method"}],"unSubscribeConnect":[{"__symbolic":"method"}],"disconnect":[{"__symbolic":"method"}],"readerEvents":[{"__symbolic":"method"}],"unSubscribeReaderEvents":[{"__symbolic":"method"}],"enableTagScan":[{"__symbolic":"method"}],"enableBarcodeScan":[{"__symbolic":"method"}],"scanTags":[{"__symbolic":"method"}],"getConnectionStatus":[{"__symbolic":"method"}],"getReaderProperties":[{"__symbolic":"method"}],"initRfidReader":[{"__symbolic":"method"}]}}}}]
